{
    "data": {
        "total": 815,
        "pagenum": "1",
        "goods": [
            {
                "goods_id": 826,
                "cat_id": null,
                "goods_name": "Ibelieve爱贝丽伞车超轻便携高景观坐躺冬夏两用折叠简易婴儿推车（2017年新款）I-S012",
                "goods_price": 699,
                "goods_number": 100,
                "goods_weight": 100,
                "goods_state": 0,
                "add_time": 1514259032,
                "upd_time": 1514259032,
                "hot_mumber": 0,
                "is_promote": false,
                "cat_one_id": null,
                "cat_two_id": null,
                "cat_three_id": null
            },
            {
                "goods_id": 823,
                "cat_id": null,
                "goods_name": "强生(Johnson) 婴儿牛奶沐浴露1000ml（双包装）（大瓶超值 牛奶滋养 温和无泪）新老包装随机发货",
                "goods_price": 0,
                "goods_number": 100,
                "goods_weight": 100,
                "goods_state": 0,
                "add_time": 1514259013,
                "upd_time": 1514259013,
                "hot_mumber": 0,
                "is_promote": false,
                "cat_one_id": null,
                "cat_two_id": null,
                "cat_three_id": null
            },
            {
                "goods_id": 821,
                "cat_id": null,
                "goods_name": "NUK宝宝PP奶瓶宽口径 Hello Kitty主题组合装 150ML+300ML+安抚奶嘴 宝宝礼物",
                "goods_price": 188,
                "goods_number": 100,
                "goods_weight": 100,
                "goods_state": 0,
                "add_time": 1514259006,
                "upd_time": 1514259006,
                "hot_mumber": 0,
                "is_promote": false,
                "cat_one_id": null,
                "cat_two_id": null,
                "cat_three_id": null
            },
            {
                "goods_id": 820,
                "cat_id": null,
                "goods_name": "【苏宁自营】五羊bibi超薄干爽纸尿裤/尿不湿 XL码21片（12-17kg）",
                "goods_price": 35,
                "goods_number": 100,
                "goods_weight": 100,
                "goods_state": 0,
                "add_time": 1514259003,
                "upd_time": 1514259003,
                "hot_mumber": 0,
                "is_promote": false,
                "cat_one_id": null,
                "cat_two_id": null,
                "cat_three_id": null
            },
            {
                "goods_id": 819,
                "cat_id": null,
                "goods_name": "妈咪宝贝 小码S120片 纸尿裤 尿不湿 均吸干爽 【3-7kg】",
                "goods_price": 72,
                "goods_number": 100,
                "goods_weight": 100,
                "goods_state": 0,
                "add_time": 1514258999,
                "upd_time": 1514258999,
                "hot_mumber": 0,
                "is_promote": false,
                "cat_one_id": null,
                "cat_two_id": null,
                "cat_three_id": null
            },
            {
                "goods_id": 818,
                "cat_id": null,
                "goods_name": "雀氏（chiaus）薄&快吸超薄透气男女宝宝婴儿纸尿片L120片（9-14kg）(福建）",
                "goods_price": 0,
                "goods_number": 100,
                "goods_weight": 100,
                "goods_state": 0,
                "add_time": 1514258996,
                "upd_time": 1514258996,
                "hot_mumber": 0,
                "is_promote": false,
                "cat_one_id": null,
                "cat_two_id": null,
                "cat_three_id": null
            },
            {
                "goods_id": 817,
                "cat_id": null,
                "goods_name": "【苏宁自营】乐可爱(LaCUTE) 日本原装纸尿裤 森林王子宝宝尿不湿 大号L54片(9-14kg)（日本原装进口）",
                "goods_price": 178,
                "goods_number": 100,
                "goods_weight": 100,
                "goods_state": 0,
                "add_time": 1514258993,
                "upd_time": 1514258993,
                "hot_mumber": 0,
                "is_promote": false,
                "cat_one_id": null,
                "cat_two_id": null,
                "cat_three_id": null
            },
            {
                "goods_id": 816,
                "cat_id": null,
                "goods_name": "帮宝适（Pampers）超薄干爽婴儿纸尿裤/尿不湿 大号L164片（9-14kg）（国产）",
                "goods_price": 0,
                "goods_number": 100,
                "goods_weight": 100,
                "goods_state": 0,
                "add_time": 1514258983,
                "upd_time": 1514258983,
                "hot_mumber": 0,
                "is_promote": false,
                "cat_one_id": null,
                "cat_two_id": null,
                "cat_three_id": null
            },
            {
                "goods_id": 815,
                "cat_id": null,
                "goods_name": "【海外购自营-限量满269减30】尤妮佳 Moony 大号婴儿纸尿裤 L54片 (9-14kg) 日本原装进口",
                "goods_price": 71,
                "goods_number": 100,
                "goods_weight": 100,
                "goods_state": 0,
                "add_time": 1514258976,
                "upd_time": 1514258976,
                "hot_mumber": 0,
                "is_promote": false,
                "cat_one_id": null,
                "cat_two_id": null,
                "cat_three_id": null
            }
        ]
    },
    "meta": {
        "msg": "获取成功",
        "status": 200
    }
}